project,stage,issue_response_time,pr_response_time,pr_merge_time,social_activity_90d,commit_frequency_90d,commit_growth_90d_pct,issue_closed_ratio,contributors_dev_activity_90d,maintainers_dev_activity_90d,code_review_practices,maintainer_activity_recency_days,release_frequency_90d,ci_cd,build_environment,test_presence,platform_os_support,readme,contributing,code_of_conduct,governance,issue_template,pr_template,code_review_policy,changelog,documentation_completeness,financial_support,organizational_diversity_90d,contributor_count_90d,contributor_retention_90d_pct,contributor_growth_90d_pct,bus_factor,new_contributors_90d,unique_contributors,community_interest,project_age_days,license,security_policy,branch_protection,signed_releases,known_vulnerabilities,dependency_updates,code_review_enforced
fluent/fluentd,graduated,66.3,3.6,5.8,168,3.58,-11.5,0.82,78,165,0.94,20.0,0.33,True,1,True,12,True,True,False,True,True,True,False,True,3,False,2,13,33.3,44.4,3.0,8,466,15302,5543,True,True,False,True,0,True,True
nats-io/nats-server,incubating,48.8,1.3,3.3,1157,33.37,-19.4,0.746,396,918,0.997,0.0,3.67,True,0,True,0,True,True,False,True,True,True,True,False,3,True,5,21,27.8,16.7,2.0,12,1096,22859,5045,True,False,True,True,0,True,True
prometheus/prometheus,graduated,56.0,13.2,22.4,2097,53.98,12.7,0.869,987,1457,0.939,1.0,3.33,True,1,False,0,True,True,True,False,True,True,True,True,2,False,23,97,34.9,16.9,7.0,53,3055,77712,5019,True,True,True,True,1,True,True
theupdateframework/python-tuf,graduated,126.1,2.9,6.4,76,3.42,-24.1,0.878,28,70,0.996,25.0,0.0,True,1,True,4,True,False,False,False,True,True,False,False,1,False,2,4,100.0,33.3,2.0,0,96,2054,4951,True,True,True,True,0,True,False
vitessio/vitess,graduated,145.9,2.5,6.5,2211,17.58,-13.7,0.737,858,1728,0.985,1.0,0.67,True,1,True,0,True,True,True,True,True,True,True,False,3,False,8,34,44.1,0.0,5.0,11,643,24099,4804,True,True,True,True,1,True,True
keycloak/keycloak,incubating,19.8,7.9,9.3,4179,46.51,-27.6,0.817,1446,3477,0.994,20.0,1.0,True,1,True,5,True,True,False,True,True,False,True,False,3,False,27,101,41.5,-17.9,8.0,39,3287,45066,4799,True,True,True,True,0,True,True
etcd-io/etcd,graduated,36.3,2.9,6.3,2619,27.46,-9.9,0.947,1589,1250,0.988,2.0,3.33,True,1,True,0,True,True,False,True,True,True,False,False,3,False,8,30,39.5,-21.1,2.0,14,1443,63877,4795,True,True,False,True,1,True,True
kubernetes/kubernetes,graduated,3.5,12.5,23.9,12778,155.56,-11.4,0.866,8402,4632,0.755,1.0,5.33,False,1,True,0,True,True,False,False,True,True,False,True,2,False,39,213,45.2,-17.8,9.0,64,5028,171906,4460,True,True,False,True,0,False,True
grpc/grpc,incubating,81.6,6.4,6.6,1469,26.29,-15.9,0.797,813,685,0.473,21.0,2.67,True,5,True,1,True,True,False,True,True,True,True,False,3,False,5,61,55.1,24.5,5.0,25,2636,57909,4275,True,True,False,True,0,True,True
distribution/distribution,sandbox,361.8,32.2,58.7,153,3.03,-64.2,0.722,92,83,0.992,4.0,0.0,True,1,True,0,True,True,False,True,True,False,False,False,3,False,3,11,33.3,-8.3,2.0,7,1015,13594,4261,True,True,False,True,1,True,True
microcks/microcks,incubating,40.7,6.3,7.6,300,3.73,-59.7,0.963,210,124,0.953,23.0,0.33,True,1,False,7,True,True,True,True,False,False,True,True,3,False,1,14,31.2,-12.5,1.0,8,329,2374,4198,True,True,False,True,0,True,True
containernetworking/cni,incubating,76.1,19.6,36.3,14,0.08,,0.431,12,3,0.78,9.0,0.0,True,1,False,0,True,True,False,True,False,False,False,False,3,False,0,1,,,2.0,0,154,7476,4157,True,False,False,True,1,True,True
getsops/sops,sandbox,125.1,23.3,30.1,205,6.46,-42.4,0.522,93,149,0.987,26.0,0.67,True,1,False,4,True,True,True,False,False,False,False,True,2,False,3,7,20.0,-30.0,2.0,4,677,23843,4027,True,False,False,True,0,True,False
dexidp/dex,sandbox,192.1,15.9,14.7,415,10.89,-25.5,0.499,204,316,0.905,1.0,0.0,True,1,False,0,True,True,True,False,True,True,False,False,2,False,2,9,14.3,-57.1,1.0,4,633,13190,4023,True,True,False,True,1,True,False
slimtoolkit/slim,sandbox,26.4,2.3,11.5,15,0.08,-75.0,0.407,13,3,0.094,20.0,0.0,False,1,True,0,True,True,False,True,True,True,False,True,3,True,0,1,0.0,-50.0,1.0,1,216,24422,4000,True,True,False,True,0,True,True
helm/helm,graduated,20.2,24.0,43.7,959,20.53,3.5,0.925,487,658,0.992,21.0,2.0,True,1,False,2,True,True,False,False,True,True,False,False,2,False,6,28,41.2,-17.6,6.0,13,3507,38299,3973,True,True,True,True,1,True,True
containerd/containerd,graduated,59.9,6.0,13.0,1341,22.09,-41.3,0.858,673,897,1.0,20.0,3.33,True,1,True,18,True,True,False,False,True,False,False,False,2,False,21,44,40.0,-12.0,5.0,17,1662,25412,3935,True,True,True,True,0,True,True
opentracing/opentracing-go,archived,0.0,0.0,0.0,0,0.0,,0.5,0,0,0.5,1636.0,0.0,True,1,False,1,True,False,False,False,True,False,False,True,1,False,0,0,,,1.0,0,8,3796,3922,True,False,False,False,0,True,True
cilium/cilium,graduated,46.0,2.9,7.4,6046,70.86,-20.3,0.897,2538,4296,0.998,20.0,3.67,True,1,True,15,True,True,True,False,True,True,True,False,2,False,28,112,44.7,-20.6,12.0,38,2879,29078,3902,True,True,True,True,0,False,True
open-policy-agent/opa,graduated,51.8,1.1,2.7,745,15.56,-13.0,0.809,283,655,0.89,22.0,2.0,True,1,True,8,True,True,True,True,True,True,False,True,3,False,7,34,33.3,13.3,4.0,21,996,13831,3890,True,True,False,False,1,True,True
tikv/tikv,graduated,79.7,8.2,15.1,1300,3.97,8.5,0.713,407,1003,0.96,22.0,0.33,True,2,True,4,True,True,True,False,True,True,True,True,2,False,7,24,33.3,-11.1,11.0,5,547,19391,3887,True,True,True,True,0,False,True
falcosecurity/falco,graduated,25.6,5.4,9.2,224,2.02,-69.4,0.951,80,171,1.0,1.0,1.33,True,2,False,0,True,False,False,False,False,True,False,True,1,False,2,8,31.2,-50.0,4.0,3,614,10478,3868,True,True,False,True,1,True,True
werf/werf,sandbox,826.9,2.4,1.6,513,11.98,-6.1,0.955,14,725,0.185,2.0,7.67,True,0,True,0,True,True,True,False,True,False,False,True,2,False,4,9,72.7,-18.2,2.0,1,162,5000,3862,True,True,False,True,0,False,True
goharbor/harbor,graduated,41.8,4.7,9.7,1513,10.73,97.1,0.859,895,808,0.992,1.0,1.33,True,1,True,0,True,True,False,False,True,True,True,True,2,False,9,38,32.3,22.6,5.0,26,2825,35030,3859,True,True,False,True,0,True,True
cloud-custodian/cloud-custodian,incubating,74.1,12.7,21.0,350,4.98,-37.3,0.56,160,254,0.988,23.0,0.33,True,2,True,6,True,False,False,True,True,False,True,False,2,False,5,25,37.9,-13.8,8.0,8,884,7829,3826,True,True,False,False,0,True,True
coredns/coredns,graduated,31.8,8.1,7.2,588,15.24,5.4,0.722,213,569,0.469,20.0,1.0,True,1,True,6,True,True,True,True,True,True,True,False,3,False,11,32,33.3,33.3,1.0,22,936,16938,3809,True,True,True,True,1,True,True
jaegertracing/jaeger,graduated,55.9,0.7,3.0,1572,16.8,-20.3,0.824,839,949,0.937,21.0,0.67,True,1,False,2,True,True,True,True,False,False,True,True,3,False,3,37,32.4,8.8,3.0,23,1005,26406,3781,True,True,True,True,1,True,True
strimzi/strimzi-kafka-operator,incubating,61.4,1.2,5.1,1342,14.54,16.1,0.922,703,826,1.0,1.0,2.0,True,2,True,0,True,False,True,True,False,False,False,True,2,False,5,32,37.0,18.5,3.0,18,1116,7541,3760,True,True,False,True,1,True,True
in-toto/in-toto,graduated,202.5,7.7,7.6,19,0.0,-100.0,0.648,19,0,0.787,95.0,0.0,True,1,True,4,True,False,False,True,True,True,False,True,2,False,0,0,0.0,-100.0,2.0,0,59,1219,3742,True,True,True,True,0,True,True
rook/rook,graduated,13.9,1.2,4.6,1574,37.33,21.2,0.976,584,1287,1.0,20.0,2.67,True,1,True,5,True,True,True,True,True,True,False,False,3,False,14,34,41.0,-12.8,3.0,16,1479,16691,3697,True,True,False,True,1,True,True
pravega/pravega,archived,170.4,4.0,14.0,0,0.0,,0.84,0,0,0.991,538.0,0.0,True,1,True,1,True,True,True,False,True,True,False,False,2,False,0,0,,,7.0,0,132,2497,3694,True,False,False,True,0,False,True
openebs/openebs,sandbox,48.6,2.4,7.5,415,9.8,121.1,0.921,172,239,0.98,1.0,0.67,True,1,False,0,True,True,True,True,True,True,True,False,3,False,3,12,75.0,0.0,3.0,2,346,10933,3673,True,True,True,True,0,True,True
envoyproxy/envoy,graduated,18.6,2.7,6.5,4105,51.8,-17.5,0.867,2122,2726,0.977,20.0,4.33,True,1,True,15,True,True,True,True,True,False,True,False,3,False,25,129,44.9,1.6,8.0,57,3116,34769,3666,True,True,True,True,1,True,True
ovn-kubernetes/ovn-kubernetes,sandbox,230.2,8.6,20.0,1661,26.29,-51.2,0.858,972,814,0.907,22.0,0.0,True,0,True,13,True,True,True,True,True,True,True,False,3,False,3,46,49.0,-9.8,4.0,14,332,1570,3663,True,True,False,False,0,False,False
cortexproject/cortex,incubating,82.2,4.1,8.1,530,8.63,-29.3,0.772,197,437,0.997,1.0,0.67,True,1,False,0,True,True,False,True,True,True,True,True,3,False,7,25,75.0,25.0,4.0,6,440,6820,3634,True,True,False,True,1,True,True
cri-o/cri-o,graduated,23.0,7.5,9.3,1286,9.64,27.8,0.941,876,419,0.701,22.0,2.33,True,1,True,3,True,True,False,True,True,True,True,False,3,False,3,20,42.9,-4.8,3.0,9,666,6962,3634,True,True,False,True,1,True,True
keylime/keylime,sandbox,49.9,3.3,6.5,89,1.4,-73.5,0.843,43,61,0.988,31.0,0.33,True,3,True,2,True,True,True,True,True,True,False,False,3,False,2,5,42.9,-28.6,3.0,1,129,766,3594,True,True,False,False,0,True,True
AthenZ/athenz,sandbox,51.4,4.0,3.1,171,4.51,-54.7,0.847,55,165,0.935,22.0,1.0,True,1,False,1,True,True,True,True,False,True,False,False,3,False,5,13,44.4,-27.8,1.0,3,107,1359,3566,True,True,True,True,0,False,True
istio/istio,graduated,33.5,2.9,7.1,3159,21.08,-20.3,0.957,1227,2475,0.821,0.0,4.67,False,1,True,0,True,True,False,False,True,True,True,False,2,False,17,70,52.7,-5.4,2.0,26,3948,47668,3564,True,True,False,True,0,True,True
kubevirt/kubevirt,incubating,22.8,1.2,20.2,5038,62.22,-19.0,0.893,1578,3637,0.992,20.0,2.67,True,1,True,1,True,True,True,False,True,True,False,False,2,False,11,63,56.6,-17.1,5.0,12,1116,8836,3536,True,True,False,True,1,True,True
cadence-workflow/cadence,sandbox,971.6,2.0,4.5,717,11.9,-45.6,0.848,319,549,0.996,20.0,0.33,True,1,False,2,True,True,False,False,True,True,True,True,2,False,1,21,56.2,-34.4,8.0,3,242,11704,3469,True,False,False,True,0,False,False
telepresenceio/telepresence,sandbox,222.9,2.0,3.8,819,48.84,486.9,0.989,35,883,0.71,2.0,3.0,True,1,False,0,True,False,False,False,True,True,True,False,1,True,7,8,44.4,-11.1,1.0,4,873,7919,3467,True,True,True,True,0,False,False
litmuschaos/litmus,incubating,119.4,11.1,12.6,275,2.72,-16.7,0.671,166,142,0.952,22.0,0.67,True,0,False,2,True,True,True,True,True,True,False,False,3,False,3,25,36.0,0.0,8.0,15,566,6537,3447,True,True,False,True,0,True,True
cni-genie/CNI-Genie,archived,131.2,111.7,22.1,0,0.0,,0.167,0,0,0.667,808.0,0.0,True,1,False,0,True,True,True,False,False,False,False,False,2,False,0,0,,,2.0,0,16,662,3437,True,False,False,False,0,False,True
emissary-ingress/emissary,incubating,89.4,10.9,10.3,100,1.56,-52.4,0.553,73,35,0.973,24.0,0.0,True,2,True,2,True,True,False,False,True,True,False,True,2,False,1,2,40.0,-60.0,2.0,0,603,5300,3432,True,False,False,True,0,False,True
longhorn/longhorn,incubating,46.0,3.1,5.8,635,3.81,-30.0,0.797,410,331,0.858,22.0,2.0,True,0,False,1,True,True,True,True,True,True,True,False,3,False,2,15,38.9,-16.7,3.0,5,1606,8715,3417,True,True,False,False,0,True,True
kubereboot/kured,sandbox,21.0,4.3,7.2,263,9.96,184.4,0.839,82,243,0.886,12.0,1.0,True,1,True,0,True,True,True,True,False,False,False,False,3,False,2,3,100.0,50.0,2.0,0,217,2847,3413,True,True,False,True,0,True,True
cert-manager/cert-manager,graduated,47.8,9.4,10.6,1401,22.09,-10.1,0.929,741,652,0.625,21.0,2.0,True,1,True,1,True,True,True,True,True,True,False,False,3,False,12,23,44.4,-14.8,4.0,8,1953,16556,3377,True,True,False,True,1,True,True
prometheus/OpenMetrics,archived,68.8,45.4,35.4,25,0.86,1000.0,0.757,10,18,0.409,34.0,0.0,True,2,True,1,True,False,True,False,True,False,False,False,1,False,1,3,100.0,200.0,3.0,0,57,2825,3348,True,True,False,False,0,False,False
vscode-kubernetes-tools/vscode-kubernetes-tools,sandbox,105.5,4.8,7.5,157,4.9,-21.2,0.551,73,145,0.983,20.0,0.67,True,1,True,6,True,True,True,True,False,False,False,True,3,False,1,5,80.0,0.0,1.0,0,371,1079,3315,True,True,False,False,0,True,False
velero-io/velero,sandbox,33.4,4.2,9.9,1951,36.71,113.6,0.799,878,1324,0.998,0.0,1.0,True,1,True,0,True,False,False,False,True,True,True,True,1,False,7,30,52.4,42.9,3.0,17,1440,11982,3307,True,True,False,True,0,True,True
spiffe/spiffe,graduated,61.8,8.5,32.2,36,0.93,50.0,0.532,11,36,0.97,44.0,0.0,False,0,False,0,True,True,False,True,False,False,True,False,3,False,2,3,16.7,-50.0,4.0,0,78,2095,3302,True,False,False,False,0,False,True
spiffe/spire,graduated,126.0,2.7,5.5,437,11.04,-37.2,0.905,166,414,0.999,20.0,1.0,True,1,True,8,True,True,False,False,True,True,True,True,2,False,8,31,46.2,19.2,1.0,15,423,3183,3298,True,True,True,True,0,True,True
oauth2-proxy/oauth2-proxy,sandbox,40.4,23.5,40.8,159,2.1,-35.7,0.895,125,52,0.948,2.0,0.67,True,1,False,0,True,True,True,False,True,True,True,True,2,True,3,7,15.8,-63.2,3.0,3,1598,17143,3249,True,True,False,True,0,False,True
cdk8s-team/cdk8s,sandbox,155.1,0.8,1.3,352,10.58,22.5,0.805,71,416,0.993,0.0,0.0,True,1,True,0,True,True,True,False,True,False,False,True,2,False,0,1,50.0,-50.0,1.0,0,233,5207,3244,True,True,True,False,1,True,True
brigadecore/brigade,archived,98.6,2.7,3.7,0,0.0,,0.893,0,0,0.98,1425.0,0.0,True,1,False,1,True,True,False,False,True,True,True,False,2,False,0,0,,,1.0,0,79,2718,3225,True,False,False,True,0,False,True
projectcontour/contour,incubating,127.9,3.0,4.8,217,4.04,-11.9,0.921,121,155,0.947,40.0,0.33,True,1,True,5,True,True,True,False,True,False,True,False,2,False,2,9,66.7,200.0,2.0,4,515,4736,3222,True,True,False,True,1,True,True
podman-container-tools/podman,sandbox,4.4,2.3,6.3,2943,63.62,38.2,0.907,1111,2226,0.837,0.0,3.33,True,2,True,0,True,True,False,True,True,True,False,False,3,False,20,86,39.1,24.6,4.0,51,5104,36226,3216,True,True,True,True,0,False,True
thanos-io/thanos,incubating,28.6,3.3,9.7,480,16.72,74.8,0.611,186,367,0.97,1.0,2.33,True,1,True,0,True,True,True,False,True,True,False,True,2,False,10,27,45.0,35.0,6.0,15,1245,16763,3216,True,True,False,True,0,True,True
metallb/metallb,sandbox,57.5,5.2,14.2,206,1.94,-61.5,0.918,120,108,0.52,1.0,0.33,True,0,False,0,True,True,True,False,True,True,True,False,2,False,3,11,21.4,-21.4,3.0,8,745,9496,3209,True,False,False,True,0,True,True
kanisterio/kanister,sandbox,97.4,4.2,8.7,304,5.52,-1.4,0.82,185,183,0.998,1.0,0.0,True,1,False,0,True,True,True,True,True,True,True,True,3,False,2,7,50.0,16.7,3.0,3,186,1089,3196,True,True,False,True,1,True,True
kubeflow/kubeflow,graduated,85.3,72.0,26.5,41,1.01,550.0,1.0,16,25,0.247,1.0,0.0,False,0,False,0,True,True,False,False,True,False,False,False,2,False,2,4,100.0,100.0,5.0,0,736,18878,3187,True,False,True,True,0,False,True
virtual-kubelet/virtual-kubelet,sandbox,137.3,31.7,24.5,30,0.7,-50.0,0.5,18,21,0.925,17.0,0.33,True,1,True,0,True,True,False,False,False,False,False,False,2,False,1,4,16.7,-33.3,2.0,1,126,5319,3183,True,False,False,True,0,True,True
linkerd/linkerd2,graduated,30.9,1.9,3.1,591,18.82,-6.6,0.929,272,561,0.961,1.0,3.33,True,1,True,0,True,True,True,True,True,True,True,False,3,False,1,15,50.0,-16.7,1.0,6,906,13048,3183,True,True,False,True,0,True,True
agones-dev/agones,sandbox,61.1,3.2,6.6,454,5.13,-1.5,0.944,229,293,0.999,3.0,0.67,True,0,True,1,True,True,False,True,True,True,False,True,3,False,5,15,21.7,-34.8,4.0,10,410,8065,3180,True,True,True,False,1,True,True
cloudevents/spec,graduated,41.6,4.8,14.7,38,1.17,66.7,0.952,3,42,0.581,30.0,0.0,True,0,False,0,True,False,False,False,True,False,False,False,1,False,2,4,33.3,33.3,1.0,2,186,6615,3178,True,False,False,False,0,False,True
kgateway-dev/kgateway,sandbox,273.1,1.0,3.6,1034,15.4,2.6,0.967,367,939,0.993,1.0,6.67,True,1,True,0,True,True,False,False,True,True,True,False,2,False,6,38,41.0,-2.6,11.0,20,694,6566,3134,True,True,True,True,1,True,True
knative/serving,graduated,34.9,2.0,2.5,258,3.11,-72.2,0.916,163,95,0.429,23.0,1.0,True,0,True,2,True,True,False,False,True,False,False,False,2,False,1,6,33.3,-50.0,1.0,2,742,7401,3132,True,True,False,True,0,True,True
runatlantis/atlantis,sandbox,86.0,5.2,9.7,542,11.2,-8.3,0.576,241,394,0.934,20.0,1.33,True,2,False,6,True,True,True,False,True,True,True,True,2,False,9,33,19.5,-19.5,2.0,21,1425,10590,3119,True,True,True,False,1,True,True
operator-framework/operator-sdk,incubating,25.6,7.0,11.2,41,1.17,-50.0,0.959,20,36,0.857,37.0,0.33,True,1,True,0,True,False,False,False,True,True,False,False,1,False,1,3,33.3,-50.0,6.0,1,704,9575,3118,True,True,False,True,0,True,True
argoproj/argo-cd,graduated,84.4,5.7,5.8,1815,45.58,-2.2,0.588,1177,700,1.0,0.0,4.67,True,1,True,0,True,True,False,False,True,True,True,True,2,False,20,122,24.4,-6.9,13.0,76,5492,31955,3116,True,True,True,True,1,True,True
flatcar/Flatcar,incubating,79.7,1.2,3.1,371,4.59,78.8,0.736,276,116,0.941,1.0,0.0,True,0,False,0,True,True,True,False,False,False,True,False,2,False,5,15,57.1,114.3,3.0,10,457,1443,3092,True,True,True,False,0,False,True
bank-vaults/bank-vaults,sandbox,321.3,2.0,2.3,144,5.83,-43.2,0.959,65,147,0.982,26.0,0.67,True,1,False,3,True,False,False,False,True,True,True,False,1,False,1,3,40.0,-40.0,1.0,1,303,2789,3090,True,True,False,True,1,True,True
trickstercache/trickster,sandbox,187.8,9.2,10.4,234,5.44,22.8,0.888,28,260,0.896,21.0,1.33,True,1,False,2,True,True,True,True,False,True,True,False,3,False,1,5,60.0,0.0,2.0,2,77,2311,3068,True,True,False,False,0,True,True
foniod/foniod,archived,3.4,,,0,0.0,,0.333,0,0,,,0.0,True,1,True,0,True,False,False,False,False,False,False,False,1,False,0,0,,,,0,4,441,3048,True,False,False,False,0,False,False
nmstate/nmstate,sandbox,120.3,5.6,7.1,263,3.81,-14.0,0.618,149,141,0.653,2.0,0.33,True,2,True,0,True,True,True,True,True,False,True,False,3,False,3,8,54.5,-27.3,1.0,2,131,516,3028,True,True,True,True,0,True,True
k3s-io/k3s,sandbox,30.5,1.4,4.9,885,10.66,9.6,0.991,378,727,0.999,1.0,10.0,True,1,True,0,True,True,True,True,True,True,True,False,3,False,11,26,37.0,-3.7,2.0,16,2202,36781,3005,True,True,False,False,1,True,True
kuberhealthy/kuberhealthy,sandbox,280.6,15.7,14.0,115,3.5,55.2,0.986,76,46,0.377,2.0,4.67,True,0,True,0,True,False,False,False,True,False,False,False,1,False,1,8,100.0,700.0,1.0,5,158,2583,2986,True,False,False,True,0,False,False
buildpacks/pack,graduated,65.1,8.0,13.5,92,0.7,-69.0,0.789,67,34,0.823,40.0,0.67,True,1,False,18,True,True,False,False,True,True,True,False,2,False,2,4,25.0,-50.0,3.0,2,281,3348,2980,True,True,False,True,0,True,True
devspace-sh/devspace,sandbox,36.3,9.0,8.7,66,0.23,-97.5,0.968,51,18,0.4,5.0,0.0,True,0,False,0,True,True,True,False,True,False,True,True,2,False,1,1,12.5,-87.5,1.0,0,385,5615,2927,True,True,True,True,1,True,True
tektoncd/pipeline,incubating,35.6,5.0,9.8,1681,13.3,-37.4,0.764,904,783,0.852,20.0,6.67,True,1,True,5,True,True,False,False,True,True,False,False,2,False,6,27,43.8,-15.6,5.0,10,903,11091,2915,True,True,True,True,1,True,True
crossplane/crossplane,graduated,53.7,3.2,7.3,627,11.9,-31.1,0.936,370,406,0.988,21.0,3.33,True,0,True,2,True,True,True,True,True,True,True,False,3,False,8,18,30.4,-21.7,3.0,9,857,13265,2905,True,True,True,True,0,False,True
kubeedge/kubeedge,graduated,50.8,5.5,15.6,1252,4.12,-31.2,0.489,744,537,0.934,20.0,1.0,True,1,True,5,True,True,True,False,True,True,False,True,2,False,2,12,23.1,-7.7,2.0,8,848,9682,2885,True,True,False,True,0,False,True
containers/common,sandbox,4.6,1.1,2.9,9,0.0,,1.0,9,0,0.754,354.0,0.0,True,1,True,0,True,True,False,False,True,True,False,False,2,False,0,0,,,3.0,0,210,488,2851,True,True,True,True,0,False,True
getporter/porter,sandbox,149.9,4.5,6.9,146,4.67,11.1,0.865,37,168,0.901,1.0,0.67,True,0,True,0,True,True,True,True,True,True,True,False,3,False,0,4,75.0,0.0,2.0,1,169,1670,2850,True,True,False,True,0,True,False
kube-rs/kube,sandbox,39.1,4.1,6.6,250,3.42,46.7,0.8,115,173,0.886,14.0,0.67,True,1,False,0,True,True,False,False,True,True,False,True,2,True,5,16,35.7,14.3,2.0,8,271,4246,2841,True,True,True,True,0,True,True
meshery/meshery,sandbox,8.5,0.2,4.4,7709,250.84,-36.6,0.799,4581,3321,0.975,0.0,12.67,True,1,False,0,True,True,True,True,True,True,False,True,3,False,14,187,31.9,-0.5,10.0,126,1044,15314,2838,True,True,True,False,1,True,True
kudobuilder/kudo,sandbox,49.9,10.0,,3,0.0,,0.133,3,0,,1495.0,0.0,True,1,True,0,True,True,False,False,True,True,True,False,2,False,0,0,,,,0,22,1342,2831,True,False,False,True,0,False,True
oras-project/oras,sandbox,43.2,3.3,6.8,263,5.37,91.7,0.9,154,173,0.999,1.0,0.33,True,1,True,0,True,True,True,False,True,True,True,False,2,False,2,11,60.0,120.0,2.0,7,232,2670,2798,True,True,True,True,0,True,True
k8up-io/k8up,sandbox,155.8,18.1,21.0,111,3.19,-70.9,0.643,62,65,0.929,22.0,0.67,True,1,False,0,True,False,True,True,True,True,True,False,2,False,3,8,18.2,-27.3,3.0,5,165,1139,2774,True,True,False,True,1,True,True
metal3-io/baremetal-operator,incubating,8.3,3.2,9.5,1093,19.06,-9.9,0.792,190,1061,0.903,20.0,1.67,True,1,True,2,True,True,False,False,True,True,False,False,2,False,5,28,81.8,27.3,2.0,4,207,1100,2768,True,True,False,True,0,True,True
openelb/openelb,archived,34.9,3.3,18.0,1,0.0,,0.436,1,0,0.404,453.0,0.0,True,1,True,3,True,False,True,False,True,True,False,True,1,False,0,0,,,2.0,0,96,2014,2759,True,False,False,False,0,False,True
service-mesh-performance/service-mesh-performance,archived,87.9,10.1,24.4,8,0.16,-66.7,0.765,6,3,0.873,82.0,0.67,True,1,True,1,True,True,True,True,True,True,False,False,3,False,1,2,50.0,0.0,4.0,1,118,485,2758,True,False,False,False,0,False,False
kyverno/kyverno,graduated,23.7,2.6,5.0,1871,15.17,-33.4,0.939,1443,637,0.999,20.0,0.67,True,1,True,2,True,True,True,True,True,True,True,True,3,False,9,60,28.6,42.9,2.0,43,1792,9534,2756,True,True,True,True,1,True,True
kedacore/keda,graduated,30.5,3.1,11.4,823,6.84,-16.2,0.913,474,436,0.991,20.0,1.0,True,1,True,3,True,True,False,False,True,True,True,True,2,False,7,37,40.6,15.6,6.0,22,1560,11966,2747,True,True,False,False,1,True,True
cubefs/cubefs,graduated,42.5,3.9,4.3,69,0.08,-96.0,0.755,36,37,0.913,26.0,0.0,True,1,True,4,True,True,True,True,True,True,True,True,3,False,1,1,20.0,-80.0,6.0,0,241,6428,2741,True,True,False,True,1,True,True
cartography-cncf/cartography,sandbox,78.2,3.6,7.9,681,19.6,-27.2,0.903,182,751,0.999,0.0,2.0,True,3,True,0,True,True,True,True,True,True,False,False,3,False,1,18,38.9,0.0,3.0,10,263,4956,2733,True,True,False,False,0,True,True
submariner-io/submariner,sandbox,43.6,1.3,3.3,365,2.41,-52.3,0.958,169,279,0.992,0.0,1.0,True,1,True,0,True,True,False,True,True,True,True,False,3,False,2,5,37.5,-37.5,2.0,2,159,2948,2721,True,False,False,True,0,True,True
chaosblade-io/chaosblade,sandbox,406.4,18.3,21.2,87,0.78,233.3,0.431,83,11,0.505,54.0,4.0,True,1,False,0,True,True,True,True,True,True,False,False,3,False,2,5,0.0,400.0,2.0,4,322,7679,2720,True,True,False,True,0,False,True
kumahq/kuma,sandbox,50.9,1.1,1.9,2388,52.11,20.3,0.963,816,2338,1.0,1.0,8.67,True,1,True,0,True,True,True,True,True,True,True,True,3,False,2,9,69.2,-30.8,4.0,0,299,4419,2719,True,True,True,True,1,True,True
volcano-sh/volcano,incubating,22.9,4.6,14.8,1958,21.23,33.2,0.729,702,1424,0.873,20.0,1.33,True,1,True,3,True,False,False,True,True,True,False,True,2,False,9,42,47.2,16.7,3.0,25,877,7386,2718,True,True,False,True,1,True,True
skooner-k8s/skooner,archived,60.9,8.3,38.1,0,0.0,,0.396,0,0,0.077,822.0,0.0,True,0,False,2,True,True,True,False,False,False,False,False,2,False,0,0,,,2.0,0,92,1659,2717,True,False,False,False,0,False,False
ko-build/ko,sandbox,30.0,6.1,5.5,106,2.49,-45.8,0.876,63,69,0.993,26.0,0.67,True,0,True,6,True,True,False,False,False,False,False,False,2,False,2,6,25.0,-25.0,2.0,3,240,8971,2711,True,False,False,True,0,True,False
kubeovn/kube-ovn,sandbox,20.9,1.3,2.3,1467,22.4,-12.5,0.985,758,1108,0.669,0.0,5.33,True,1,True,0,True,False,True,True,True,True,True,True,2,False,7,27,52.0,8.0,3.0,12,430,2997,2710,True,True,True,True,0,True,True
servicemeshinterface/smi-spec,archived,51.6,50.2,27.5,0,0.0,,1.0,0,0,1.0,1037.0,0.0,True,1,False,1,True,True,False,True,True,False,True,False,3,False,0,0,,,2.0,0,54,1198,2709,True,False,False,True,0,False,True
kserve/kserve,incubating,156.9,7.4,15.0,2060,17.58,1.3,0.965,816,1420,0.766,0.0,2.0,True,1,True,0,True,True,True,False,True,True,False,False,2,False,11,50,52.6,31.6,8.0,26,1147,7513,2705,True,True,False,True,0,False,True
opencost/opencost,incubating,28.2,6.5,8.3,410,3.66,-31.9,0.796,286,181,0.87,22.0,1.0,True,1,True,1,True,True,True,True,True,True,False,False,3,False,8,27,50.0,35.0,6.0,13,642,7552,2705,True,True,True,True,1,True,True
inspektor-gadget/inspektor-gadget,sandbox,111.8,1.7,8.7,517,24.58,-6.2,0.741,103,462,1.0,1.0,2.33,True,1,False,0,True,True,True,False,False,False,True,False,2,False,4,18,78.6,28.6,3.0,5,175,3305,2685,True,True,False,True,1,True,True
carvel-dev/carvel,sandbox,76.0,4.1,6.3,42,1.48,35.7,0.634,24,21,0.435,37.0,0.0,True,0,False,0,True,True,True,True,True,False,False,False,3,False,3,5,100.0,400.0,5.0,3,128,573,2677,True,True,True,False,0,False,False
parallaxsecond/parsec,sandbox,58.5,2.4,6.9,0,0.0,-100.0,0.517,0,0,1.0,113.0,0.0,True,1,True,1,True,False,False,False,False,False,True,True,1,False,0,0,0.0,-100.0,3.0,0,40,617,2676,True,True,False,False,0,False,True
schemahero/schemahero,sandbox,230.0,13.9,15.8,70,0.54,-77.4,0.378,56,21,0.973,10.0,2.0,True,1,False,0,True,True,True,False,False,False,False,False,2,False,1,2,28.6,-71.4,2.0,0,109,1258,2673,True,False,False,True,0,True,True
open-telemetry/opentelemetry-collector,graduated,40.8,2.1,5.5,1501,17.5,-21.3,0.805,1014,713,0.981,1.0,2.33,True,1,False,0,True,True,False,False,True,True,True,True,2,False,14,53,39.1,-17.2,5.0,23,1352,9739,2662,True,True,True,True,1,True,True
openkruise/kruise,incubating,37.6,4.7,12.3,269,1.48,111.1,0.94,223,64,0.768,16.0,1.33,True,1,True,0,True,True,True,True,True,True,False,True,3,False,2,5,60.0,0.0,4.0,0,421,6314,2641,True,True,False,False,1,True,True
dapr/dapr,graduated,33.0,4.3,6.5,750,10.03,-24.6,0.889,251,686,0.987,22.0,6.0,True,1,True,28,True,True,False,True,True,True,True,False,3,False,7,24,45.0,20.0,5.0,10,1239,28518,2621,True,True,True,True,0,True,True
armadaproject/armada,sandbox,58.1,2.9,5.0,704,9.41,1.7,0.917,436,372,0.997,1.0,4.33,True,0,False,5,True,True,True,False,True,True,False,False,2,False,3,18,66.7,-14.3,5.0,0,156,827,2621,True,True,True,False,1,True,True
project-zot/zot,sandbox,95.3,2.9,6.6,722,9.41,65.8,0.94,393,451,0.954,0.0,1.0,True,1,True,0,True,True,True,False,True,True,True,False,2,False,7,26,50.0,116.7,2.0,20,311,2910,2619,True,True,False,False,1,True,True
Apicurio/apicurio-registry,sandbox,65.9,0.7,2.3,6963,58.72,58.3,0.766,4436,3299,0.438,0.0,1.33,True,1,False,10,True,True,True,True,True,False,False,False,3,False,7,124,42.9,490.5,3.0,114,668,1551,2594,True,True,False,True,0,True,False
bfenetworks/bfe,sandbox,129.8,10.6,9.6,222,10.5,1127.3,0.878,18,247,0.296,0.0,1.0,True,1,True,1,True,True,True,True,True,False,False,True,3,False,3,4,75.0,0.0,2.0,0,96,7405,2579,True,True,False,False,0,False,True
chaos-mesh/chaos-mesh,incubating,36.4,5.7,10.9,174,2.18,-31.7,0.65,97,109,0.783,22.0,0.33,True,1,True,5,True,True,True,True,True,True,False,True,3,False,1,12,23.1,-7.7,4.0,8,613,8965,2544,True,True,True,True,0,True,True
kptdev/kpt,sandbox,300.9,4.7,7.0,458,9.41,-4.7,0.676,199,343,0.973,2.0,4.67,True,1,False,0,True,True,False,False,True,True,True,False,2,False,3,17,66.7,13.3,7.0,5,267,2186,2532,True,False,True,True,1,True,True
tremor-rs/tremor-runtime,sandbox,133.7,0.7,2.5,0,0.0,,0.601,0,0,0.996,226.0,0.0,True,2,True,0,True,True,True,False,True,True,True,True,2,False,0,0,,,2.0,0,64,1076,2518,True,True,False,True,0,True,True
antrea-io/antrea,sandbox,38.8,4.3,14.3,548,9.64,15.9,0.91,212,489,0.939,1.0,1.33,True,1,True,0,True,True,True,True,True,False,False,True,3,False,2,18,50.0,-10.0,4.0,7,311,2354,2493,True,True,True,False,0,False,True
kubernetes-sigs/headlamp,sandbox,85.4,3.7,10.3,6216,98.55,31.0,0.726,2970,3658,0.892,0.0,2.0,True,2,False,0,True,True,False,False,True,True,False,False,2,False,15,109,40.7,19.8,2.0,68,1017,8211,2479,True,True,False,True,1,True,True
k8gb-io/k8gb,incubating,249.5,5.7,7.4,405,7.54,12.8,0.842,243,258,1.0,1.0,1.33,True,1,False,0,True,True,True,True,False,True,True,True,3,False,5,10,66.7,11.1,2.0,3,104,1478,2460,True,True,False,True,1,True,True
WasmEdge/WasmEdge,sandbox,61.0,5.3,7.6,1362,24.58,116.4,0.938,574,999,0.996,0.0,2.0,True,1,True,0,True,False,False,False,True,True,True,False,1,False,4,44,54.5,100.0,3.0,29,600,12031,2458,True,True,True,True,0,True,True
devfile/api,sandbox,237.9,6.0,12.3,26,0.0,,0.982,26,0,1.0,745.0,0.0,True,0,True,0,True,True,True,True,True,True,True,False,3,False,0,0,,,5.0,0,101,442,2452,True,True,False,False,0,False,True
krustlet/krustlet,archived,25.0,13.3,15.4,5,0.0,,0.186,5,0,1.0,1055.0,0.0,True,1,True,0,True,True,False,False,False,False,True,False,2,False,0,0,,,2.0,0,54,3893,2448,True,False,True,True,1,False,True
kubedl-io/kubedl,archived,78.0,16.6,14.5,0,0.0,,0.564,0,0,0.338,902.0,0.0,True,1,False,2,True,True,True,True,True,True,False,False,3,False,0,0,,,2.0,0,49,631,2447,True,True,False,False,0,False,False
openservicemesh/osm,archived,85.6,1.8,5.0,0,0.0,,1.0,0,0,1.0,1139.0,0.0,True,1,True,2,True,True,True,False,True,True,True,False,2,False,0,0,,,4.0,0,142,2828,2444,True,True,False,True,0,False,True
artifacthub/hub,incubating,6.0,0.5,0.4,49,0.31,-69.2,0.985,38,15,0.664,32.0,0.33,True,0,False,2,True,True,False,True,True,False,False,False,3,False,1,2,66.7,-33.3,2.0,0,570,2399,2412,True,True,False,True,0,True,True
networkservicemesh/api,sandbox,103.1,8.0,19.2,0,0.0,-100.0,0.652,0,0,0.644,159.0,0.0,True,0,False,2,True,False,False,False,False,False,False,False,1,False,0,0,0.0,-100.0,3.0,0,23,44,2402,True,False,False,False,0,True,True
backstage/backstage,incubating,15.2,3.2,9.9,2810,73.03,-69.1,0.97,1749,1359,0.987,21.0,4.67,True,1,False,8,True,True,True,False,True,True,True,False,2,False,27,83,30.8,-36.2,4.0,36,2990,41753,2402,True,True,True,True,1,True,True
kube-vip/kube-vip,sandbox,65.9,4.6,8.0,409,11.82,36.9,0.921,118,375,0.297,1.0,1.33,True,1,False,0,True,True,True,False,True,False,True,True,2,True,13,20,42.1,5.3,2.0,11,445,3278,2393,True,False,False,True,0,True,True
shipwright-io/build,sandbox,45.7,3.8,6.1,347,8.71,-9.7,0.706,213,150,0.947,1.0,5.67,True,1,True,0,True,False,False,False,False,False,False,False,1,False,3,11,60.0,10.0,3.0,2,96,962,2389,True,True,False,False,0,True,True
pixie-io/pixie,sandbox,69.5,2.5,4.4,41,0.31,-50.0,0.524,31,14,1.0,23.0,0.33,True,1,False,0,True,True,True,True,True,False,True,False,3,False,1,1,50.0,-50.0,3.0,0,326,7089,2368,True,True,True,True,1,True,True
krkn-chaos/krkn,sandbox,167.3,3.5,7.6,870,6.46,0.0,0.73,637,316,0.935,2.0,2.67,True,1,True,0,True,True,True,True,True,True,True,False,3,False,3,25,44.4,38.9,3.0,17,161,741,2316,True,True,False,False,1,True,True
notaryproject/notation,incubating,62.7,3.1,9.0,28,0.0,-100.0,0.864,28,0,0.965,149.0,0.0,True,1,True,3,True,False,True,False,True,False,True,False,1,False,0,0,0.0,-100.0,1.0,0,112,603,2315,True,True,True,True,1,True,True
fluxcd/flux2,graduated,46.7,1.9,4.2,267,7.93,6.2,0.852,79,238,0.997,24.0,1.33,True,1,True,5,True,True,True,False,True,False,False,False,2,False,6,15,25.0,-6.2,2.0,7,984,9157,2311,True,True,True,True,1,True,True
inclavare-containers/inclavare-containers,sandbox,48.0,1.7,2.7,0,0.0,,0.662,0,0,0.697,1222.0,0.0,True,1,False,0,True,True,True,True,False,False,False,False,3,False,0,0,,,2.0,0,34,731,2293,True,True,False,False,1,False,True
open-workflow-specification/specification,sandbox,9.7,1.4,9.5,84,1.63,600.0,0.961,18,80,0.914,9.0,1.0,True,1,False,0,True,False,False,True,True,True,True,False,2,False,2,5,33.3,66.7,2.0,1,89,1117,2290,True,True,False,False,0,False,False
openyurtio/openyurt,incubating,18.8,3.4,6.3,496,1.94,92.3,0.929,454,67,0.904,24.0,0.0,True,1,True,2,True,True,True,True,True,True,True,True,3,False,2,9,50.0,125.0,12.0,6,301,2510,2284,True,True,False,True,1,True,True
ContainerSSH/ContainerSSH,sandbox,291.4,27.1,44.8,8,0.0,-100.0,0.558,5,3,0.875,37.0,0.0,True,0,False,1,True,True,True,False,False,False,False,False,2,False,0,0,0.0,-100.0,2.0,0,72,3192,2271,True,True,False,True,0,True,False
k0sproject/k0s,sandbox,33.0,3.3,4.7,1349,40.68,-21.1,0.875,258,1412,0.999,0.0,5.0,True,1,False,0,True,True,True,False,True,True,True,False,2,False,4,21,45.5,-4.5,2.0,9,530,6990,2264,True,True,False,True,0,True,True
pipe-cd/pipecd,sandbox,284.3,2.4,4.0,1325,14.39,60.9,0.852,897,613,0.86,0.0,1.0,True,1,True,0,True,True,True,False,True,True,True,False,2,False,1,26,43.5,13.0,4.0,16,237,1716,2262,True,True,False,False,0,True,True
projectcapsule/capsule,sandbox,34.6,3.7,5.3,444,10.97,683.3,0.967,213,372,0.886,1.0,4.33,True,1,False,0,True,True,True,True,True,True,False,True,3,False,4,11,66.7,266.7,2.0,5,167,2395,2245,True,True,True,True,1,True,True
opencurve/curve,archived,31.6,3.5,7.2,0,0.0,,0.882,0,0,0.817,813.0,0.0,True,1,True,1,True,True,True,False,True,True,False,False,2,False,0,0,,,5.0,0,146,2969,2243,True,False,False,True,0,False,True
kubevela/kubevela,incubating,155.4,1.9,3.6,376,2.49,0.0,0.91,261,153,0.994,22.0,2.0,True,1,True,2,True,True,True,True,True,True,True,False,3,False,0,19,44.4,111.1,6.0,13,590,9026,2241,True,True,False,True,1,True,True
fluid-cloudnative/fluid,incubating,91.9,3.8,5.9,1056,9.41,-30.5,0.86,637,526,0.876,21.0,0.0,True,1,True,4,True,True,True,True,True,True,False,True,3,False,4,63,19.0,8.6,8.0,51,1204,3255,2233,True,True,False,True,1,True,True
kube-burner/kube-burner,sandbox,38.5,3.9,7.0,97,1.71,-54.2,0.952,30,89,0.745,22.0,1.0,True,1,True,2,True,True,False,True,True,True,False,False,3,False,2,9,33.3,-40.0,2.0,3,135,981,2180,True,True,False,True,0,True,False
project-akri/akri,sandbox,42.8,10.0,17.6,66,1.09,75.0,0.668,31,49,0.939,1.0,0.0,True,3,True,5,True,False,True,True,True,True,True,True,2,False,1,5,20.0,0.0,4.0,3,106,1464,2143,True,True,True,False,1,False,True
wasmCloud/wasmCloud,incubating,35.4,1.6,2.7,543,19.83,-13.3,0.963,73,640,0.996,22.0,2.33,True,2,False,16,True,True,False,True,False,True,True,False,3,False,4,15,50.0,-16.7,3.0,5,216,2684,2137,True,True,True,True,1,True,True
Serverless-Devs/Serverless-Devs,sandbox,29.4,1.9,2.3,3,0.0,,0.863,2,1,0.573,60.0,0.0,True,2,True,0,False,True,True,False,True,True,False,True,1,True,0,0,,,2.0,0,153,2028,2131,True,False,True,True,1,True,True
v6d-io/v6d,archived,29.2,1.6,2.5,1,0.0,,0.818,1,0,0.369,277.0,0.0,True,3,True,17,True,False,True,True,True,True,False,False,2,False,0,0,,,1.0,0,84,1121,2129,True,True,False,False,0,False,True
dragonflyoss/dragonfly,graduated,72.7,1.0,1.3,451,9.64,27.8,0.972,285,275,0.944,1.0,1.67,True,1,True,0,True,True,True,True,True,True,True,True,3,False,1,16,50.0,60.0,2.0,7,327,3764,2117,True,True,True,True,1,True,True
aeraki-mesh/aeraki,sandbox,16.6,2.8,5.1,0,0.0,,0.868,0,0,0.578,467.0,0.0,True,1,True,1,True,True,True,True,True,True,False,False,3,False,0,0,,,1.0,0,76,919,2116,True,True,True,False,1,True,True
nocalhost/nocalhost,archived,40.4,8.7,9.6,2,0.0,,0.506,2,0,0.801,312.0,0.0,True,1,True,4,True,True,True,True,True,True,False,False,3,False,0,0,,,1.0,0,142,2071,2112,True,False,False,True,0,False,True
karmada-io/karmada,incubating,13.4,3.6,8.8,1398,14.54,-31.8,0.753,605,914,0.896,1.0,4.33,True,1,True,0,True,True,True,False,True,True,False,True,2,False,5,21,28.6,-25.0,1.0,11,713,6821,2111,True,True,True,True,0,True,True
external-secrets/external-secrets,sandbox,35.1,1.6,5.3,1856,19.76,5.8,0.91,993,1076,0.999,2.0,2.67,True,1,True,0,True,True,False,True,True,True,False,False,3,True,16,46,14.1,-35.2,4.0,30,1895,8268,2104,True,True,False,True,1,True,True
kubearmor/KubeArmor,sandbox,53.9,8.9,13.2,485,6.38,-24.1,0.705,266,279,0.84,1.0,2.33,True,0,True,0,True,True,True,True,True,True,True,False,3,False,2,14,57.1,0.0,4.0,6,315,3117,2095,True,True,True,True,1,True,True
kubewarden/adm-controller,sandbox,72.9,1.1,2.9,859,41.92,4.9,0.82,166,832,0.82,1.0,3.0,True,2,False,0,True,True,False,False,True,False,True,False,2,False,5,8,58.3,-33.3,3.0,1,78,292,2087,True,False,True,True,1,True,True
gitops-working-group/gitops-working-group,sandbox,45.7,7.5,17.4,0,0.0,,1.0,0,0,1.0,1676.0,0.0,False,0,False,0,True,False,False,False,False,False,False,False,1,False,0,0,,,1.0,0,32,584,2080,False,False,True,False,0,False,True
OpenFunction/OpenFunction,sandbox,21.5,1.8,1.4,2,0.0,,0.417,2,0,0.685,794.0,0.0,True,1,True,0,True,False,False,True,True,False,False,True,2,False,0,0,,,2.0,0,87,1848,2074,True,False,False,True,1,True,True
superedge/superedge,archived,54.7,17.7,4.5,0,0.0,,0.692,0,0,0.995,914.0,0.0,True,1,True,1,True,True,True,True,True,True,False,True,3,False,0,0,,,3.0,0,79,1303,2072,True,True,False,False,0,False,True
perses/perses,sandbox,65.0,1.8,3.3,642,14.31,142.1,0.694,164,655,0.842,1.0,2.33,True,1,False,0,True,True,True,True,True,True,True,True,3,False,5,24,66.7,33.3,3.0,12,217,2617,2034,True,True,True,True,0,True,True
radius-project/radius,sandbox,39.8,1.2,4.4,2716,23.8,51.5,0.958,2013,982,0.983,0.0,2.33,True,2,True,0,True,True,True,True,True,True,True,False,3,False,2,24,82.4,41.2,8.0,8,135,1816,2009,True,True,True,True,1,True,True
tellerops/teller,archived,75.8,23.3,31.8,2,0.0,,0.66,2,0,0.557,207.0,0.0,True,1,False,11,True,True,True,False,False,False,False,False,2,False,0,0,,,2.0,0,128,3455,1977,True,False,False,True,0,False,False
youki-dev/youki,sandbox,11.6,2.1,4.2,378,9.02,-2.5,0.78,153,283,0.993,0.0,0.33,True,1,True,0,True,False,False,False,True,True,False,True,1,False,0,19,40.7,-29.6,2.0,5,248,8071,1974,True,True,False,True,0,True,False
kcp-dev/kcp,sandbox,55.7,2.0,5.3,921,20.22,-51.2,0.888,69,954,0.774,22.0,2.33,True,1,True,1,True,True,False,True,True,True,False,False,3,False,4,16,50.0,-33.3,5.0,2,254,3300,1970,True,True,False,True,0,True,True
sealerio/sealer,archived,11.5,2.1,3.6,0,0.0,,0.748,0,0,0.977,1027.0,0.0,True,1,True,2,True,True,False,False,True,True,False,False,2,False,0,0,,,3.0,0,229,2488,1941,True,False,False,True,0,False,False
lima-vm/lima,incubating,24.4,2.8,4.9,1179,35.39,7.8,0.716,227,1181,0.93,1.0,2.0,True,1,False,0,True,False,False,False,True,False,False,False,1,False,5,29,27.3,-12.1,2.0,18,710,22766,1926,True,True,False,True,1,True,True
krator-rs/krator,archived,0.0,0.5,5.1,0,0.0,,0.316,0,0,1.0,892.0,0.0,True,1,False,4,True,True,False,False,False,False,True,False,2,False,0,0,,,1.0,0,12,185,1923,True,False,False,True,0,False,True
easegress-io/easegress,sandbox,71.0,2.8,5.4,15,0.31,-50.0,0.956,9,10,0.997,33.0,0.0,True,1,False,6,True,True,True,False,True,False,False,True,2,False,0,3,40.0,-40.0,3.0,1,99,6464,1912,True,True,False,True,0,False,False
eraser-dev/eraser,sandbox,46.9,5.7,7.2,31,0.39,,0.795,22,16,1.0,1.0,0.33,True,1,True,0,True,False,True,False,True,True,True,False,1,False,1,4,,,2.0,2,90,702,1912,True,False,True,True,1,True,True
clusternet/clusternet,sandbox,7.0,2.4,5.1,31,0.62,-60.0,0.789,20,14,0.464,38.0,0.33,True,1,False,0,True,True,True,False,True,True,True,False,2,False,1,2,50.0,-50.0,1.0,0,96,1687,1902,True,False,False,False,0,True,True
FabEdge/fabedge,archived,16.8,0.6,0.4,5,0.0,,1.0,5,0,0.09,886.0,0.0,True,1,True,2,True,True,True,False,True,False,False,False,2,False,0,0,,,1.0,0,30,595,1863,True,False,False,False,0,False,False
kairos-io/kairos,sandbox,147.6,2.9,3.9,907,40.37,72.4,0.864,176,825,0.79,1.0,2.33,True,1,True,0,True,True,True,False,True,True,True,False,2,False,6,14,58.3,16.7,2.0,6,221,1962,1849,True,True,True,True,1,True,False
connectrpc/connect-go,sandbox,11.9,1.7,3.0,56,1.4,38.5,0.934,29,44,0.974,4.0,0.0,True,1,False,0,True,True,True,False,True,True,False,False,2,False,1,8,33.3,33.3,1.0,4,210,4226,1846,True,True,False,True,0,True,True
kubescape/kubescape,incubating,13.4,1.9,4.1,1159,16.41,-60.9,0.92,435,935,0.822,20.0,1.0,True,1,False,1,True,True,True,True,True,True,False,False,3,False,1,31,51.7,6.9,6.0,16,502,12618,1836,True,True,True,False,1,True,True
notaryproject/ratify,sandbox,75.5,1.5,3.3,1018,10.89,13900.0,0.751,647,640,0.982,5.0,1.67,True,1,True,0,True,True,True,False,True,True,True,False,2,False,2,7,100.0,600.0,2.0,3,88,402,1835,True,True,False,True,1,True,True
carina-io/carina,sandbox,36.6,0.4,5.5,1,0.0,,0.541,1,0,0.037,494.0,0.0,True,1,True,0,True,True,True,False,True,True,False,True,2,False,0,0,,,2.0,0,54,820,1830,True,False,False,False,0,False,True
sermant-io/Sermant,sandbox,29.8,1.3,3.8,1,0.0,,0.966,1,0,0.972,197.0,0.0,True,1,False,0,True,True,True,False,True,True,False,False,2,False,0,0,,,4.0,0,85,1569,1810,True,False,False,True,0,False,False
Project-HAMi/HAMi,incubating,46.7,0.3,1.6,958,13.3,24.8,0.938,650,309,0.984,21.0,0.0,True,1,True,2,True,True,True,False,True,True,False,True,2,False,4,32,38.7,3.2,2.0,16,521,4863,1803,True,True,True,True,0,True,True
open-cluster-management-io/ocm,sandbox,41.2,1.9,4.4,496,5.06,-24.4,0.907,333,164,0.404,5.0,0.0,True,1,True,0,True,True,True,False,True,True,False,False,2,False,2,19,35.3,11.8,4.0,11,146,1256,1787,True,True,False,False,1,True,True
composefs/composefs,sandbox,19.4,2.4,2.4,26,1.09,600.0,0.713,10,19,0.832,25.0,0.0,True,0,True,6,True,True,False,False,False,False,False,False,2,False,3,3,100.0,200.0,1.0,1,50,753,1780,True,False,False,True,0,True,False
clusterpedia-io/clusterpedia,sandbox,3.8,3.4,4.5,64,0.54,-61.1,0.723,57,11,0.327,26.0,0.0,True,1,True,1,True,True,True,True,True,True,False,False,3,False,1,3,66.7,0.0,1.0,1,80,1020,1779,True,False,False,False,0,True,False
devstream-io/devstream,archived,11.0,0.6,1.2,0,0.0,,0.996,0,0,0.825,528.0,0.0,False,2,False,0,True,False,False,False,False,False,False,False,1,False,0,0,,,1.0,0,81,1090,1778,True,False,False,True,0,False,False
spinframework/spin,sandbox,27.7,1.3,4.3,498,15.56,28.2,0.796,28,565,0.99,1.0,1.0,True,2,True,0,True,True,True,True,True,False,False,False,3,False,3,13,58.8,-23.5,3.0,1,229,6850,1754,True,True,False,True,0,False,True
confidential-containers/confidential-containers,incubating,81.2,18.4,32.6,36,0.47,-14.3,0.804,15,28,1.0,23.0,0.67,True,0,False,1,True,False,True,False,True,False,True,False,1,False,2,3,33.3,0.0,5.0,1,121,485,1743,True,False,False,False,0,False,False
Kuadrant/kuadrant-operator,sandbox,66.9,3.8,7.1,716,15.01,-32.3,0.653,363,414,0.981,1.0,4.33,True,1,True,0,True,False,False,False,False,False,False,False,1,False,4,20,70.0,0.0,4.0,5,91,187,1720,True,True,True,True,1,True,True
hexa-org/policy-orchestrator,archived,89.2,1.8,3.0,1,0.0,,0.826,1,0,0.109,454.0,0.0,True,0,False,2,True,True,True,False,False,False,False,False,2,False,0,0,,,2.0,0,25,132,1690,True,True,False,False,0,False,False
merbridge/merbridge,archived,0.7,4.4,6.2,0,0.0,,0.667,0,0,0.698,549.0,0.0,True,1,False,1,True,False,True,False,True,False,True,False,1,False,0,0,,,2.0,0,56,917,1683,True,False,False,False,0,True,False
sustainable-computing-io/kepler,sandbox,32.3,2.1,3.3,245,3.89,-13.8,0.966,181,86,0.918,1.0,0.0,True,1,True,0,True,True,False,True,True,False,False,False,3,False,5,11,50.0,10.0,1.0,6,187,1829,1663,False,True,True,True,1,True,True
oxia-db/oxia,sandbox,76.4,0.7,1.0,271,8.01,-32.2,0.895,13,371,0.757,20.0,2.33,True,1,True,5,True,True,True,False,False,False,True,False,2,False,2,4,50.0,-33.3,1.0,1,48,420,1661,True,False,False,True,0,True,False
open-feature/spec,incubating,16.0,3.7,12.9,84,1.71,214.3,0.786,47,44,0.935,26.0,0.33,True,2,False,1,True,False,False,False,False,False,True,False,1,False,3,5,100.0,25.0,2.0,1,91,1301,1653,True,False,False,False,0,True,False
konveyor/tackle2-hub,sandbox,45.8,2.6,4.8,197,3.03,200.0,0.941,85,146,0.977,4.0,3.0,True,1,True,0,True,False,False,False,True,False,False,False,1,False,1,6,100.0,200.0,2.0,0,42,57,1647,True,False,False,False,0,False,True
podman-desktop/podman-desktop,sandbox,66.7,0.6,3.1,3910,57.71,3.2,0.881,1649,2756,1.0,1.0,1.33,True,1,True,0,True,True,False,True,True,True,False,False,3,False,10,35,63.9,-2.8,3.0,8,917,8551,1633,True,True,False,False,0,True,False
spidernet-io/spiderpool,sandbox,12.1,1.5,1.9,280,3.11,122.2,0.968,200,126,0.435,1.0,1.33,True,1,True,0,True,False,True,False,True,True,True,False,1,False,3,7,60.0,40.0,2.0,2,85,773,1629,True,False,True,False,0,True,True
hwameistor/hwameistor,sandbox,27.6,3.3,3.1,19,0.31,-55.6,0.994,7,24,0.104,11.0,0.67,True,1,True,0,True,False,True,False,False,True,False,True,1,False,0,2,66.7,-33.3,3.0,0,108,759,1629,True,False,True,False,1,False,True
cloudnative-pg/cloudnative-pg,sandbox,37.1,3.2,4.9,1897,19.44,18.5,0.942,946,1205,0.919,1.0,1.33,True,1,True,0,True,True,True,True,True,False,True,False,3,False,10,37,45.8,54.2,4.0,18,1106,9949,1626,True,True,True,True,1,True,True
koordinator-sh/koordinator,sandbox,25.0,2.5,6.4,617,3.58,-9.8,0.809,454,163,0.783,0.0,0.0,True,1,True,0,True,True,True,False,True,True,False,True,2,False,2,10,17.6,-41.2,4.0,4,293,2248,1620,True,True,False,False,1,True,True
kubeslice/kubeslice-controller,sandbox,56.3,3.7,5.6,32,0.23,,0.159,32,0,0.87,276.0,0.0,True,1,False,0,True,True,False,False,True,True,True,False,2,False,1,1,,,4.0,1,52,130,1587,True,True,False,True,1,True,True
xline-kv/Xline,archived,21.4,6.3,11.0,68,0.0,,0.898,68,0,0.994,627.0,0.0,True,1,False,6,True,True,True,False,True,True,False,True,2,False,0,0,,,3.0,0,54,806,1570,True,False,False,True,0,True,False
kcl-lang/kcl,sandbox,30.7,0.5,1.4,61,1.32,70.0,0.859,22,56,0.758,25.0,0.0,True,2,True,13,True,False,True,True,False,False,False,False,2,False,2,6,60.0,20.0,2.0,2,201,2570,1570,True,False,False,True,0,False,False
KusionStack/kusion,sandbox,45.8,2.2,2.8,8,0.08,,0.931,8,0,0.978,445.0,0.0,True,1,True,0,True,True,True,False,True,True,True,False,2,False,0,1,,,3.0,0,55,1440,1570,True,True,True,True,1,True,True
openfga/openfga,incubating,41.6,1.9,5.1,532,4.67,-48.3,0.721,387,200,0.994,1.0,2.33,True,1,True,0,True,True,False,False,True,False,True,True,2,False,2,14,47.4,-26.3,4.0,5,339,6143,1536,True,True,True,True,0,True,True
paralus/paralus,sandbox,83.9,5.5,8.2,10,0.0,,0.633,7,3,0.989,66.0,0.0,True,1,False,0,True,True,True,True,True,True,True,True,3,False,0,0,,,3.0,0,76,1300,1534,True,False,False,False,0,True,True
kubeclipper/kubeclipper,sandbox,58.0,2.8,1.8,131,2.8,140.0,1.0,53,117,0.384,1.0,0.33,True,1,True,0,True,True,True,True,True,True,False,False,3,False,1,3,100.0,50.0,3.0,1,43,505,1527,True,False,False,True,0,True,False
openGemini/openGemini,sandbox,17.4,2.9,4.5,47,1.48,,0.665,16,48,0.868,7.0,0.0,True,1,True,0,True,False,True,False,True,True,False,False,1,False,0,3,,,5.0,2,157,1364,1517,True,False,True,True,1,True,True
kubean-io/kubean,sandbox,36.8,3.0,2.0,122,5.91,-26.9,0.987,33,115,0.454,4.0,1.33,True,1,True,0,True,True,False,True,True,True,False,False,3,False,2,4,75.0,0.0,1.0,1,75,589,1509,True,False,True,True,1,True,True
runmedev/runme,sandbox,14.7,2.4,3.5,320,7.7,253.6,0.603,111,294,0.586,22.0,6.67,True,1,False,3,True,True,True,True,False,False,False,False,3,False,1,3,100.0,0.0,1.0,0,116,2231,1496,True,False,False,True,0,True,False
kuasar-io/kuasar,sandbox,36.6,6.1,11.5,13,0.54,-84.1,0.58,7,7,0.989,80.0,0.33,True,2,True,0,True,True,True,False,True,False,True,False,2,False,1,4,50.0,-33.3,2.0,1,65,1582,1481,True,False,True,False,1,True,True
keptn/lifecycle-toolkit,archived,31.3,3.9,5.8,39,0.0,,0.973,39,0,0.997,381.0,0.0,True,1,True,2,True,True,False,False,False,True,True,True,2,False,0,0,,,2.0,0,122,562,1450,True,True,True,False,1,True,True
kbind-dev/kbind,sandbox,85.1,5.0,4.8,121,4.43,-56.2,0.783,41,117,0.873,22.0,1.33,True,1,True,2,True,True,False,True,True,True,True,True,3,False,2,5,57.1,-28.6,2.0,0,39,271,1431,True,True,False,True,0,True,False
higress-group/higress,sandbox,16.9,3.4,6.0,1636,12.76,107.6,0.594,766,1033,0.736,3.0,1.0,True,1,True,0,True,False,True,True,True,True,True,False,2,False,7,30,40.0,50.0,2.0,20,871,10469,1395,True,True,False,True,0,False,False
kubestellar/kubestellar,sandbox,28.9,1.7,3.2,741,4.36,-11.1,0.926,629,114,0.632,15.0,0.0,True,1,True,0,True,True,True,True,True,True,False,False,3,False,2,8,40.0,-20.0,3.0,3,200,1024,1388,True,True,False,True,1,True,True
bootc-dev/bootc,sandbox,29.0,1.4,3.5,507,10.5,-36.9,0.591,116,478,0.946,1.0,3.33,True,2,True,0,True,True,True,True,False,False,False,False,3,False,7,14,38.5,-46.2,1.0,4,240,2472,1361,True,True,True,True,1,True,True
project-copacetic/copacetic,sandbox,62.0,2.8,6.4,148,2.96,-54.8,0.975,90,97,1.0,2.0,0.33,True,1,True,0,True,True,True,True,True,True,True,False,3,False,1,8,41.7,-33.3,1.0,3,143,1829,1319,True,True,True,True,1,True,True
SlimPlanet/SlimFaas,sandbox,39.8,5.2,4.0,145,4.9,50.0,0.77,38,111,0.325,1.0,8.33,True,0,True,0,True,True,False,True,False,False,False,True,3,False,1,4,75.0,0.0,1.0,0,28,485,1265,True,True,False,False,0,True,False
cedar-policy/cedar,sandbox,53.3,0.7,2.3,583,8.79,-19.9,0.7,318,394,0.995,1.0,3.0,True,1,False,0,True,True,True,False,True,True,False,False,2,False,1,6,36.4,-45.5,3.0,1,144,1863,1215,True,True,True,False,0,True,True
kmesh-net/kmesh,sandbox,29.5,1.5,6.0,417,0.31,-92.9,0.668,283,136,0.757,21.0,0.0,True,1,True,3,True,True,True,False,True,True,False,False,2,False,0,3,9.1,-72.7,4.0,2,176,1012,1137,True,True,False,False,0,True,False
kaito-project/kaito,sandbox,49.5,2.1,3.9,594,11.04,-12.9,0.883,249,482,0.874,0.0,1.0,True,2,True,0,True,False,True,True,True,True,True,False,2,False,2,16,55.0,-20.0,4.0,3,123,1192,1078,True,True,False,True,0,True,False
urunc-dev/urunc,sandbox,61.4,5.4,6.0,746,4.59,-18.1,0.627,567,194,0.814,1.0,0.0,True,1,True,0,True,True,True,True,False,True,False,True,3,False,2,10,27.8,-44.4,2.0,5,130,491,1073,True,True,False,False,0,True,False
cozystack/cozystack,sandbox,71.8,0.7,3.1,3516,103.45,10.6,0.637,1313,2542,0.778,22.0,4.0,True,1,True,4,True,True,True,True,True,True,True,False,3,False,4,15,57.9,-21.1,3.0,4,137,2383,1005,True,True,True,False,1,True,True
spinframework/containerd-shim-spin,sandbox,14.8,8.2,12.9,21,1.09,-81.8,0.606,2,25,0.956,71.0,0.67,True,2,True,0,True,False,False,False,False,False,True,True,1,False,1,1,20.0,-80.0,2.0,0,48,182,933,True,True,False,True,0,True,False
kitops-ml/kitops,sandbox,58.9,1.3,3.1,203,3.81,-42.4,0.909,109,131,0.995,17.0,0.33,True,0,False,0,True,True,False,True,True,True,False,False,3,False,2,12,69.2,-7.7,2.0,3,92,1606,932,True,True,True,False,1,True,True
drasi-project/drasi-platform,sandbox,56.6,5.1,15.7,22,0.31,33.3,0.486,9,16,0.957,7.0,0.0,True,1,False,0,False,False,False,False,False,False,True,False,0,False,1,3,50.0,50.0,2.0,0,54,1344,817,True,True,True,False,1,True,True
HolmesGPT/holmesgpt,sandbox,13.8,0.9,3.4,1321,9.8,-49.4,0.571,974,473,0.992,2.0,7.0,True,2,True,0,True,True,True,True,True,False,False,False,3,False,4,14,35.5,-54.8,3.0,3,281,3597,814,True,True,False,False,0,False,False
kagent-dev/kagent,sandbox,26.0,0.8,3.4,1281,18.43,-1.2,0.906,601,924,0.965,22.0,6.67,True,1,False,4,True,True,True,False,True,False,True,False,2,False,14,55,38.8,12.2,4.0,33,419,4143,578,True,True,False,False,0,True,False
tinkerbell/tinkerbell,sandbox,151.6,2.4,2.9,588,13.61,-13.8,0.542,390,200,0.763,4.0,0.67,True,1,False,0,True,False,False,False,False,False,True,False,1,False,4,10,50.0,66.7,2.0,5,101,368,571,True,True,True,True,1,True,True
kai-scheduler/KAI-Scheduler,sandbox,10.6,2.3,4.1,1415,13.3,-4.5,0.755,866,835,0.99,3.0,8.33,True,1,True,0,True,True,False,True,True,True,False,True,3,False,8,33,34.6,26.9,4.0,23,186,1729,542,True,True,False,True,0,True,False
ktock/container2wasm,sandbox,,,,13,1.01,-74.0,,0,13,,74.0,0.0,True,1,True,0,True,True,True,True,False,False,False,False,3,False,0,2,66.7,-33.3,1.0,0,9,6,74,True,False,False,False,1,True,False
